Model,Samples,Accuracy,Precision,Recall,F1,Total Time (s),Avg Time / Query (s),Valid Predictions,Invalid Predictions
Qwen/Qwen2.5-0.5B-Instruct,50,0.44,0.925,0.44,0.5883040935672514,95.67,1.913,50,0
google/gemma-3-1b-it,50,0.6,0.9142857142857144,0.6,0.7244206773618538,264.18,5.284,50,0
Qwen/Qwen2.5-0.5B-Instruct,50,0.48,0.921904761904762,0.48,0.6312568306010928,94.69,1.894,50,0
google/gemma-3-1b-it,50,0.6,0.9142857142857144,0.6,0.7244206773618538,207.48,4.15,50,0
Qwen/Qwen2.5-0.5B-Instruct,50,0.46,0.8742857142857143,0.46,0.6007843137254902,94.37,1.887,50,0
google/gemma-3-1b-it,50,0.6,0.925,0.6,0.7264957264957265,240.14,4.803,50,0
